insert into basic_user(id,username,password,group_code,type,status,money,credits,govern_zone) values (
					'2'
					,'admin'
					,'96e79218965eb72c92a549dd5a330112'
					,'10'
					,'10'
					,'10'
					,'10000'
					,'10000'	
					,'4401'									
			);
 insert into basic_group_2_user(user_code,group_code) values ('admin','10')
 insert into basic_user(id,username,password,group_code,type,status,money,credits,govern_zone) values (
					'3'
					,'guest'
					,'084e0343a0486ff05530df6c705c8bb4'
					,'99'
					,'10'
					,'10'
					,'10000'
					,'10000'	
					,''									
			);
 insert into basic_group_2_user(user_code,group_code) values ('guest','99')
 insert into basic_user(id,username,password,group_code,type,status,money,credits,govern_zone) values (
					'4'
					,'综合岗-初级'
					,'96e79218965eb72c92a549dd5a330112'
					,'50'
					,'20'
					,'10'
					,'10000'
					,'10000'	
					,'440104'									
			);
 insert into basic_group_2_user(user_code,group_code) values ('综合岗-初级','50')
 insert into basic_user(id,username,password,group_code,type,status,money,credits,govern_zone) values (
					'5'
					,'综合岗-中级'
					,'96e79218965eb72c92a549dd5a330112'
					,'51'
					,'20'
					,'10'
					,'10000'
					,'10000'	
					,'440105'									
			);
 insert into basic_group_2_user(user_code,group_code) values ('综合岗-中级','51')
 insert into basic_user(id,username,password,group_code,type,status,money,credits,govern_zone) values (
					'6'
					,'综合岗-高级'
					,'96e79218965eb72c92a549dd5a330112'
					,'52'
					,'20'
					,'10'
					,'10000'
					,'10000'	
					,'440106'									
			);
 insert into basic_group_2_user(user_code,group_code) values ('综合岗-高级','52')
 insert into basic_user(id,username,password,group_code,type,status,money,credits,govern_zone) values (
					'7'
					,'指挥岗-初级'
					,'96e79218965eb72c92a549dd5a330112'
					,'53'
					,'20'
					,'10'
					,'10000'
					,'10000'	
					,'440111'									
			);
 insert into basic_group_2_user(user_code,group_code) values ('指挥岗-初级','53')
 insert into basic_user(id,username,password,group_code,type,status,money,credits,govern_zone) values (
					'8'
					,'指挥岗-中级'
					,'96e79218965eb72c92a549dd5a330112'
					,'54'
					,'20'
					,'10'
					,'10000'
					,'10000'	
					,'440112'									
			);
 insert into basic_group_2_user(user_code,group_code) values ('指挥岗-中级','54')
 insert into basic_user(id,username,password,group_code,type,status,money,credits,govern_zone) values (
					'9'
					,'指挥岗-高级'
					,'96e79218965eb72c92a549dd5a330112'
					,'55'
					,'20'
					,'10'
					,'10000'
					,'10000'	
					,'440113'									
			);
 insert into basic_group_2_user(user_code,group_code) values ('指挥岗-高级','55')
 insert into basic_user(id,username,password,group_code,type,status,money,credits,govern_zone) values (
					'10'
					,'巡查岗-初级'
					,'96e79218965eb72c92a549dd5a330112'
					,'56'
					,'20'
					,'10'
					,'10000'
					,'10000'	
					,'440114'									
			);
 insert into basic_group_2_user(user_code,group_code) values ('巡查岗-初级','56')
 insert into basic_user(id,username,password,group_code,type,status,money,credits,govern_zone) values (
					'11'
					,'巡查岗-中级'
					,'96e79218965eb72c92a549dd5a330112'
					,'57'
					,'20'
					,'10'
					,'10000'
					,'10000'	
					,'440115'									
			);
 insert into basic_group_2_user(user_code,group_code) values ('巡查岗-中级','57')
 insert into basic_user(id,username,password,group_code,type,status,money,credits,govern_zone) values (
					'12'
					,'巡查岗-高级'
					,'96e79218965eb72c92a549dd5a330112'
					,'58'
					,'20'
					,'10'
					,'10000'
					,'10000'	
					,'440183'									
			);
 insert into basic_group_2_user(user_code,group_code) values ('巡查岗-高级','58')
 insert into basic_user(id,username,password,group_code,type,status,money,credits,govern_zone) values (
					'13'
					,'默认教师'
					,'96e79218965eb72c92a549dd5a330112'
					,'10'
					,'30'
					,'10'
					,'10000'
					,'10000'	
					,'4401'									
			);
 insert into basic_group_2_user(user_code,group_code) values ('默认教师','10')
 insert into basic_group(id,name,code,type,status) values ('2','管理员','10','10','10');
 insert into basic_group(id,name,code,type,status) values ('3','注册待审批','98','10','10');
 insert into basic_group(id,name,code,type,status) values ('4','访客','99','10','10');
 insert into basic_group(id,name,code,type,status) values ('5','组管理员','X1','50','10');
 insert into basic_group(id,name,code,type,status) values ('6','综合岗-初级','50','30','11');
 insert into basic_group(id,name,code,type,status) values ('7','综合岗-中级','51','30','11');
 insert into basic_group(id,name,code,type,status) values ('8','综合岗-高级','52','30','11');
 insert into basic_group(id,name,code,type,status) values ('9','指挥岗-初级','53','30','11');
 insert into basic_group(id,name,code,type,status) values ('10','指挥岗-中级','54','30','11');
 insert into basic_group(id,name,code,type,status) values ('11','指挥岗-高级','55','30','11');
 insert into basic_group(id,name,code,type,status) values ('12','巡查岗-初级','56','30','11');
 insert into basic_group(id,name,code,type,status) values ('13','巡查岗-中级','57','30','11');
 insert into basic_group(id,name,code,type,status) values ('14','巡查岗-高级','58','30','11');
 insert into basic_permission(name,code,type,icon,path) values ('登陆','10','20','../file/icon48x48/10.png','basic_user__login.html');
 insert into basic_permission(name,code,type,icon,path) values ('注册','13','20','../file/icon48x48/13.png','basic_user__register.html');
 insert into basic_permission(name,code,type,icon,path) values ('关于本系统','99','20','../file/icon48x48/99.png','about.html');
 insert into basic_permission(name,code,type,icon,path) values ('用户中心','11','20','../file/icon48x48/11.png','basic_user__center.html');
 insert into basic_permission(name,code,type,icon,path) values ('修改','1123','30','../file/icon16x16/23.png','');
 insert into basic_permission(name,code,type,icon,path) values ('退出','1199','30','../file/icon16x16/99.png','');
 insert into basic_permission(name,code,type,icon,path) values ('管理中心','12','10','../file/icon48x48/12.png','');
 insert into basic_permission(name,code,type,icon,path) values ('用户组','1201','20','../file/icon48x48/1201.png','basic_group__grid.html');
 insert into basic_permission(name,code,type,icon,path) values ('查询','120101','30','../file/icon16x16/01.png','');
 insert into basic_permission(name,code,type,icon,path) values ('添加','120121','30','../file/icon16x16/21.png','');
 insert into basic_permission(name,code,type,icon,path) values ('修改','120122','30','../file/icon16x16/22.png','');
 insert into basic_permission(name,code,type,icon,path) values ('删除','120123','30','../file/icon16x16/23.png','');
 insert into basic_permission(name,code,type,icon,path) values ('权限','120140','30','../file/icon16x16/40.png','');
 insert into basic_permission(name,code,type,icon,path) values ('用户列表','1202','20','../file/icon48x48/1202.png','basic_user__grid.html');
 insert into basic_permission(name,code,type,icon,path) values ('查询','120201','30','../file/icon16x16/01.png','');
 insert into basic_permission(name,code,type,icon,path) values ('详细','120202','30','../file/icon16x16/02.png','');
 insert into basic_permission(name,code,type,icon,path) values ('权限','12020203','30','../file/icon16x16/03.png','');
 insert into basic_permission(name,code,type,icon,path) values ('导入','120211','30','../file/icon16x16/11.png','');
 insert into basic_permission(name,code,type,icon,path) values ('导出','120212','30','../file/icon16x16/12.png','');
 insert into basic_permission(name,code,type,icon,path) values ('添加','120221','30','../file/icon16x16/21.png','');
 insert into basic_permission(name,code,type,icon,path) values ('修改','120222','30','../file/icon16x16/22.png','');
 insert into basic_permission(name,code,type,icon,path) values ('删除','120223','30','../file/icon16x16/23.png','');
 insert into basic_permission(name,code,type,icon,path) values ('职能','120241','30','../file/icon16x16/41.png','');
 insert into basic_permission(name,code,type,icon,path) values ('参数','1203','20','../file/icon48x48/1203.png','basic_parameter__grid.html');
 insert into basic_permission(name,code,type,icon,path) values ('查询','120301','30','../file/icon16x16/01.png','');
 insert into basic_permission(name,code,type,icon,path) values ('添加','120321','30','../file/icon16x16/21.png','');
 insert into basic_permission(name,code,type,icon,path) values ('删除','120323','30','../file/icon16x16/23.png','');
 insert into basic_permission(name,code,type,icon,path) values ('重置内存','120342','30','../file/icon16x16/42.png','');
 insert into basic_permission(name,code,type,icon,path) values ('考试学习','60','10','../file/icon48x48/60.png','');
 insert into basic_permission(name,code,type,icon,path) values ('练习册','6001','20','../file/icon48x48/6001.png','exam_paper__grid.html');
 insert into basic_permission(name,code,type,icon,path) values ('查询','600101','30','../file/icon16x16/01.png','');
 insert into basic_permission(name,code,type,icon,path) values ('组内范围','60010101','40','../file/icon48x48/60010101.png','');
 insert into basic_permission(name,code,type,icon,path) values ('所有范围','60010102','40','../file/icon48x48/60010102.png','');
 insert into basic_permission(name,code,type,icon,path) values ('本人范围','60010103','40','../file/icon48x48/60010103.png','');
 insert into basic_permission(name,code,type,icon,path) values ('组条件','60010104','40','../file/icon48x48/60010104.png','');
 insert into basic_permission(name,code,type,icon,path) values ('作者条件','60010105','40','../file/icon48x48/60010105.png','');
 insert into basic_permission(name,code,type,icon,path) values ('创作日期条件','60010106','40','../file/icon48x48/60010106.png','');
 insert into basic_permission(name,code,type,icon,path) values ('类型条件','60010107','40','../file/icon48x48/60010107.png','');
 insert into basic_permission(name,code,type,icon,path) values ('状态条件','60010108','40','../file/icon48x48/60010108.png','');
 insert into basic_permission(name,code,type,icon,path) values ('编码条件','60010109','40','../file/icon48x48/60010109.png','');
 insert into basic_permission(name,code,type,icon,path) values ('名称条件','60010110','40','../file/icon48x48/60010110.png','');
 insert into basic_permission(name,code,type,icon,path) values ('费用条件','60010150','40','../file/icon48x48/60010150.png','');
 insert into basic_permission(name,code,type,icon,path) values ('使用次数条件','60010151','40','../file/icon48x48/60010151.png','');
 insert into basic_permission(name,code,type,icon,path) values ('科目条件','60010152','40','../file/icon48x48/60010152.png','');
 insert into basic_permission(name,code,type,icon,path) values ('详细','600102','30','../file/icon16x16/02.png','');
 insert into basic_permission(name,code,type,icon,path) values ('作者','60010233','30','../file/icon16x16/33.png','');
 insert into basic_permission(name,code,type,icon,path) values ('作者组','60010232','30','../file/icon16x16/32.png','');
 insert into basic_permission(name,code,type,icon,path) values ('导入','600111','30','../file/icon16x16/11.png','');
 insert into basic_permission(name,code,type,icon,path) values ('导出','600112','30','../file/icon16x16/12.png','');
 insert into basic_permission(name,code,type,icon,path) values ('删除','600123','30','../file/icon16x16/23.png','');
 insert into basic_permission(name,code,type,icon,path) values ('练习','600190','30','../file/icon16x16/90.png','');
 insert into basic_permission(name,code,type,icon,path) values ('多人考试','6002','20','../file/icon48x48/6002.png','exam_paper_multionline__grid.html');
 insert into basic_permission(name,code,type,icon,path) values ('查询','600201','30','../file/icon16x16/01.png','');
 insert into basic_permission(name,code,type,icon,path) values ('详细','600202','30','../file/icon16x16/02.png','');
 insert into basic_permission(name,code,type,icon,path) values ('作者','60020233','30','../file/icon16x16/33.png','');
 insert into basic_permission(name,code,type,icon,path) values ('作者组','60020232','30','../file/icon16x16/32.png','');
 insert into basic_permission(name,code,type,icon,path) values ('排名','60020240','30','../file/icon16x16/40.png','');
 insert into basic_permission(name,code,type,icon,path) values ('作废','6002024023','30','../file/icon16x16/23.png','');
 insert into basic_permission(name,code,type,icon,path) values ('导出','6002024012','30','../file/icon16x16/12.png','');
 insert into basic_permission(name,code,type,icon,path) values ('导入','600211','30','../file/icon16x16/11.png','');
 insert into basic_permission(name,code,type,icon,path) values ('导出','600212','30','../file/icon16x16/12.png','');
 insert into basic_permission(name,code,type,icon,path) values ('修改','600222','30','../file/icon16x16/22.png','');
 insert into basic_permission(name,code,type,icon,path) values ('删除','600223','30','../file/icon16x16/23.png','');
 insert into basic_permission(name,code,type,icon,path) values ('截止','600290','30','../file/icon16x16/90.png','');
 insert into basic_permission(name,code,type,icon,path) values ('考试','600291','30','../file/icon16x16/91.png','');
 insert into basic_permission(name,code,type,icon,path) values ('做题记录','6003','20','../file/icon48x48/6003.png','exam_paper_log__grid.html');
 insert into basic_permission(name,code,type,icon,path) values ('查询','600301','30','../file/icon16x16/01.png','');
 insert into basic_permission(name,code,type,icon,path) values ('详细','600302','30','../file/icon16x16/02.png','');
 insert into basic_permission(name,code,type,icon,path) values ('批改','600391','30','../file/icon16x16/91.png','');
 insert into basic_permission(name,code,type,icon,path) values ('统计','600392','30','../file/icon16x16/92.png','');
 insert into basic_permission(name,code,type,icon,path) values ('错题本','6004','20','../file/icon48x48/6004.png','exam_question_log_wrongs__grid.html');
 insert into basic_permission(name,code,type,icon,path) values ('查询','600401','30','../file/icon16x16/01.png','');
 insert into basic_permission(name,code,type,icon,path) values ('删除','600423','30','../file/icon16x16/23.png','');
 insert into basic_permission(name,code,type,icon,path) values ('复习','600491','30','../file/icon16x16/91.png','');
 insert into basic_permission(name,code,type,icon,path) values ('科目','6005','20','../file/icon48x48/6005.png','exam_subject__grid.html');
 insert into basic_permission(name,code,type,icon,path) values ('查询','600501','30','../file/icon16x16/01.png','');
 insert into basic_permission(name,code,type,icon,path) values ('详细','600502','30','../file/icon16x16/02.png','');
 insert into basic_permission(name,code,type,icon,path) values ('添加','600521','30','../file/icon16x16/21.png','');
 insert into basic_permission(name,code,type,icon,path) values ('修改','600522','30','../file/icon16x16/22.png','');
 insert into basic_permission(name,code,type,icon,path) values ('分配','600591','30','../file/icon16x16/91.png','');
 insert into basic_permission(name,code,type,icon,path) values ('删除','600523','30','../file/icon16x16/23.png','');
 insert into basic_permission(name,code,type,icon,path) values ('科目掌握度记录','6006','20','../file/icon48x48/6006.png','exam_subject_2_user_log__grid.html');
 insert into basic_permission(name,code,type,icon,path) values ('查询','600601','30','../file/icon16x16/01.png','');
 insert into basic_permission(name,code,type,icon,path) values ('统计','600692','30','../file/icon16x16/92.png','');
 insert into basic_permission(name,code,type,icon,path) values ('导出','600612','30','../file/icon16x16/12.png','');
 insert into basic_group_2_permission (permission_code,group_code) values('10','99');
 insert into basic_group_2_permission (permission_code,group_code) values('13','99');
 insert into basic_group_2_permission (permission_code,group_code) values('11','10');
 insert into basic_group_2_permission (permission_code,group_code) values('11','50');
 insert into basic_group_2_permission (permission_code,group_code) values('11','51');
 insert into basic_group_2_permission (permission_code,group_code) values('11','52');
 insert into basic_group_2_permission (permission_code,group_code) values('11','53');
 insert into basic_group_2_permission (permission_code,group_code) values('11','54');
 insert into basic_group_2_permission (permission_code,group_code) values('11','55');
 insert into basic_group_2_permission (permission_code,group_code) values('11','56');
 insert into basic_group_2_permission (permission_code,group_code) values('11','57');
 insert into basic_group_2_permission (permission_code,group_code) values('11','58');
 insert into basic_group_2_permission (permission_code,group_code) values('1123','10');
 insert into basic_group_2_permission (permission_code,group_code) values('1123','50');
 insert into basic_group_2_permission (permission_code,group_code) values('1123','51');
 insert into basic_group_2_permission (permission_code,group_code) values('1123','52');
 insert into basic_group_2_permission (permission_code,group_code) values('1123','53');
 insert into basic_group_2_permission (permission_code,group_code) values('1123','54');
 insert into basic_group_2_permission (permission_code,group_code) values('1123','55');
 insert into basic_group_2_permission (permission_code,group_code) values('1123','56');
 insert into basic_group_2_permission (permission_code,group_code) values('1123','57');
 insert into basic_group_2_permission (permission_code,group_code) values('1123','58');
 insert into basic_group_2_permission (permission_code,group_code) values('1199','10');
 insert into basic_group_2_permission (permission_code,group_code) values('1199','50');
 insert into basic_group_2_permission (permission_code,group_code) values('1199','51');
 insert into basic_group_2_permission (permission_code,group_code) values('1199','52');
 insert into basic_group_2_permission (permission_code,group_code) values('1199','53');
 insert into basic_group_2_permission (permission_code,group_code) values('1199','54');
 insert into basic_group_2_permission (permission_code,group_code) values('1199','55');
 insert into basic_group_2_permission (permission_code,group_code) values('1199','56');
 insert into basic_group_2_permission (permission_code,group_code) values('1199','57');
 insert into basic_group_2_permission (permission_code,group_code) values('1199','58');
 insert into basic_group_2_permission (permission_code,group_code) values('12','10');
 insert into basic_group_2_permission (permission_code,group_code) values('1201','10');
 insert into basic_group_2_permission (permission_code,group_code) values('120101','10');
 insert into basic_group_2_permission (permission_code,group_code) values('120121','10');
 insert into basic_group_2_permission (permission_code,group_code) values('120122','10');
 insert into basic_group_2_permission (permission_code,group_code) values('120123','10');
 insert into basic_group_2_permission (permission_code,group_code) values('120140','10');
 insert into basic_group_2_permission (permission_code,group_code) values('1202','10');
 insert into basic_group_2_permission (permission_code,group_code) values('120201','10');
 insert into basic_group_2_permission (permission_code,group_code) values('120202','10');
 insert into basic_group_2_permission (permission_code,group_code) values('12020203','10');
 insert into basic_group_2_permission (permission_code,group_code) values('120221','10');
 insert into basic_group_2_permission (permission_code,group_code) values('120222','10');
 insert into basic_group_2_permission (permission_code,group_code) values('120223','10');
 insert into basic_group_2_permission (permission_code,group_code) values('1203','10');
 insert into basic_group_2_permission (permission_code,group_code) values('120301','10');
 insert into basic_group_2_permission (permission_code,group_code) values('120321','10');
 insert into basic_group_2_permission (permission_code,group_code) values('120323','10');
 insert into basic_group_2_permission (permission_code,group_code) values('120342','10');
 insert into basic_group_2_permission (permission_code,group_code) values('60','10');
 insert into basic_group_2_permission (permission_code,group_code) values('60','99');
 insert into basic_group_2_permission (permission_code,group_code) values('60','50');
 insert into basic_group_2_permission (permission_code,group_code) values('60','51');
 insert into basic_group_2_permission (permission_code,group_code) values('60','52');
 insert into basic_group_2_permission (permission_code,group_code) values('60','53');
 insert into basic_group_2_permission (permission_code,group_code) values('60','54');
 insert into basic_group_2_permission (permission_code,group_code) values('60','55');
 insert into basic_group_2_permission (permission_code,group_code) values('60','56');
 insert into basic_group_2_permission (permission_code,group_code) values('60','57');
 insert into basic_group_2_permission (permission_code,group_code) values('60','58');
 insert into basic_group_2_permission (permission_code,group_code) values('6001','10');
 insert into basic_group_2_permission (permission_code,group_code) values('6001','99');
 insert into basic_group_2_permission (permission_code,group_code) values('6001','50');
 insert into basic_group_2_permission (permission_code,group_code) values('6001','51');
 insert into basic_group_2_permission (permission_code,group_code) values('6001','52');
 insert into basic_group_2_permission (permission_code,group_code) values('6001','53');
 insert into basic_group_2_permission (permission_code,group_code) values('6001','54');
 insert into basic_group_2_permission (permission_code,group_code) values('6001','55');
 insert into basic_group_2_permission (permission_code,group_code) values('6001','56');
 insert into basic_group_2_permission (permission_code,group_code) values('6001','57');
 insert into basic_group_2_permission (permission_code,group_code) values('6001','58');
 insert into basic_group_2_permission (permission_code,group_code) values('600101','10');
 insert into basic_group_2_permission (permission_code,group_code) values('600101','99');
 insert into basic_group_2_permission (permission_code,group_code) values('600101','50');
 insert into basic_group_2_permission (permission_code,group_code) values('600101','51');
 insert into basic_group_2_permission (permission_code,group_code) values('600101','52');
 insert into basic_group_2_permission (permission_code,group_code) values('600101','53');
 insert into basic_group_2_permission (permission_code,group_code) values('600101','54');
 insert into basic_group_2_permission (permission_code,group_code) values('600101','55');
 insert into basic_group_2_permission (permission_code,group_code) values('600101','56');
 insert into basic_group_2_permission (permission_code,group_code) values('600101','57');
 insert into basic_group_2_permission (permission_code,group_code) values('600101','58');
 insert into basic_group_2_permission (permission_code,group_code) values('60010101','10');
 insert into basic_group_2_permission (permission_code,group_code) values('60010102','10');
 insert into basic_group_2_permission (permission_code,group_code) values('60010102','99');
 insert into basic_group_2_permission (permission_code,group_code) values('60010103','10');
 insert into basic_group_2_permission (permission_code,group_code) values('60010104','10');
 insert into basic_group_2_permission (permission_code,group_code) values('60010105','10');
 insert into basic_group_2_permission (permission_code,group_code) values('60010106','10');
 insert into basic_group_2_permission (permission_code,group_code) values('60010107','10');
 insert into basic_group_2_permission (permission_code,group_code) values('60010108','10');
 insert into basic_group_2_permission (permission_code,group_code) values('60010109','10');
 insert into basic_group_2_permission (permission_code,group_code) values('60010110','10');
 insert into basic_group_2_permission (permission_code,group_code) values('60010150','10');
 insert into basic_group_2_permission (permission_code,group_code) values('60010150','50');
 insert into basic_group_2_permission (permission_code,group_code) values('60010150','51');
 insert into basic_group_2_permission (permission_code,group_code) values('60010150','52');
 insert into basic_group_2_permission (permission_code,group_code) values('60010150','53');
 insert into basic_group_2_permission (permission_code,group_code) values('60010150','54');
 insert into basic_group_2_permission (permission_code,group_code) values('60010150','55');
 insert into basic_group_2_permission (permission_code,group_code) values('60010150','56');
 insert into basic_group_2_permission (permission_code,group_code) values('60010150','57');
 insert into basic_group_2_permission (permission_code,group_code) values('60010150','58');
 insert into basic_group_2_permission (permission_code,group_code) values('60010151','10');
 insert into basic_group_2_permission (permission_code,group_code) values('60010152','10');
 insert into basic_group_2_permission (permission_code,group_code) values('60010152','99');
 insert into basic_group_2_permission (permission_code,group_code) values('60010152','50');
 insert into basic_group_2_permission (permission_code,group_code) values('60010152','51');
 insert into basic_group_2_permission (permission_code,group_code) values('60010152','52');
 insert into basic_group_2_permission (permission_code,group_code) values('60010152','53');
 insert into basic_group_2_permission (permission_code,group_code) values('60010152','54');
 insert into basic_group_2_permission (permission_code,group_code) values('60010152','55');
 insert into basic_group_2_permission (permission_code,group_code) values('60010152','56');
 insert into basic_group_2_permission (permission_code,group_code) values('60010152','57');
 insert into basic_group_2_permission (permission_code,group_code) values('60010152','58');
 insert into basic_group_2_permission (permission_code,group_code) values('600102','10');
 insert into basic_group_2_permission (permission_code,group_code) values('600102','50');
 insert into basic_group_2_permission (permission_code,group_code) values('600102','51');
 insert into basic_group_2_permission (permission_code,group_code) values('600102','52');
 insert into basic_group_2_permission (permission_code,group_code) values('600102','53');
 insert into basic_group_2_permission (permission_code,group_code) values('600102','54');
 insert into basic_group_2_permission (permission_code,group_code) values('600102','55');
 insert into basic_group_2_permission (permission_code,group_code) values('600102','56');
 insert into basic_group_2_permission (permission_code,group_code) values('600102','57');
 insert into basic_group_2_permission (permission_code,group_code) values('600102','58');
 insert into basic_group_2_permission (permission_code,group_code) values('600111','10');
 insert into basic_group_2_permission (permission_code,group_code) values('600112','10');
 insert into basic_group_2_permission (permission_code,group_code) values('600123','10');
 insert into basic_group_2_permission (permission_code,group_code) values('600190','10');
 insert into basic_group_2_permission (permission_code,group_code) values('600190','99');
 insert into basic_group_2_permission (permission_code,group_code) values('600190','50');
 insert into basic_group_2_permission (permission_code,group_code) values('600190','51');
 insert into basic_group_2_permission (permission_code,group_code) values('600190','52');
 insert into basic_group_2_permission (permission_code,group_code) values('600190','53');
 insert into basic_group_2_permission (permission_code,group_code) values('600190','54');
 insert into basic_group_2_permission (permission_code,group_code) values('600190','55');
 insert into basic_group_2_permission (permission_code,group_code) values('600190','56');
 insert into basic_group_2_permission (permission_code,group_code) values('600190','57');
 insert into basic_group_2_permission (permission_code,group_code) values('600190','58');
 insert into basic_group_2_permission (permission_code,group_code) values('6002','10');
 insert into basic_group_2_permission (permission_code,group_code) values('6002','50');
 insert into basic_group_2_permission (permission_code,group_code) values('6002','51');
 insert into basic_group_2_permission (permission_code,group_code) values('6002','52');
 insert into basic_group_2_permission (permission_code,group_code) values('6002','53');
 insert into basic_group_2_permission (permission_code,group_code) values('6002','54');
 insert into basic_group_2_permission (permission_code,group_code) values('6002','55');
 insert into basic_group_2_permission (permission_code,group_code) values('6002','56');
 insert into basic_group_2_permission (permission_code,group_code) values('6002','57');
 insert into basic_group_2_permission (permission_code,group_code) values('6002','58');
 insert into basic_group_2_permission (permission_code,group_code) values('600201','10');
 insert into basic_group_2_permission (permission_code,group_code) values('600201','50');
 insert into basic_group_2_permission (permission_code,group_code) values('600201','51');
 insert into basic_group_2_permission (permission_code,group_code) values('600201','52');
 insert into basic_group_2_permission (permission_code,group_code) values('600201','53');
 insert into basic_group_2_permission (permission_code,group_code) values('600201','54');
 insert into basic_group_2_permission (permission_code,group_code) values('600201','55');
 insert into basic_group_2_permission (permission_code,group_code) values('600201','56');
 insert into basic_group_2_permission (permission_code,group_code) values('600201','57');
 insert into basic_group_2_permission (permission_code,group_code) values('600201','58');
 insert into basic_group_2_permission (permission_code,group_code) values('600202','10');
 insert into basic_group_2_permission (permission_code,group_code) values('600202','50');
 insert into basic_group_2_permission (permission_code,group_code) values('600202','51');
 insert into basic_group_2_permission (permission_code,group_code) values('600202','52');
 insert into basic_group_2_permission (permission_code,group_code) values('600202','53');
 insert into basic_group_2_permission (permission_code,group_code) values('600202','54');
 insert into basic_group_2_permission (permission_code,group_code) values('600202','55');
 insert into basic_group_2_permission (permission_code,group_code) values('600202','56');
 insert into basic_group_2_permission (permission_code,group_code) values('600202','57');
 insert into basic_group_2_permission (permission_code,group_code) values('600202','58');
 insert into basic_group_2_permission (permission_code,group_code) values('60020233','10');
 insert into basic_group_2_permission (permission_code,group_code) values('60020232','10');
 insert into basic_group_2_permission (permission_code,group_code) values('60020240','10');
 insert into basic_group_2_permission (permission_code,group_code) values('6002024023','10');
 insert into basic_group_2_permission (permission_code,group_code) values('6002024012','10');
 insert into basic_group_2_permission (permission_code,group_code) values('600211','10');
 insert into basic_group_2_permission (permission_code,group_code) values('600212','10');
 insert into basic_group_2_permission (permission_code,group_code) values('600222','10');
 insert into basic_group_2_permission (permission_code,group_code) values('600223','10');
 insert into basic_group_2_permission (permission_code,group_code) values('600290','10');
 insert into basic_group_2_permission (permission_code,group_code) values('600291','10');
 insert into basic_group_2_permission (permission_code,group_code) values('600291','50');
 insert into basic_group_2_permission (permission_code,group_code) values('600291','51');
 insert into basic_group_2_permission (permission_code,group_code) values('600291','52');
 insert into basic_group_2_permission (permission_code,group_code) values('600291','53');
 insert into basic_group_2_permission (permission_code,group_code) values('600291','54');
 insert into basic_group_2_permission (permission_code,group_code) values('600291','55');
 insert into basic_group_2_permission (permission_code,group_code) values('600291','56');
 insert into basic_group_2_permission (permission_code,group_code) values('600291','57');
 insert into basic_group_2_permission (permission_code,group_code) values('600291','58');
 insert into basic_group_2_permission (permission_code,group_code) values('6003','10');
 insert into basic_group_2_permission (permission_code,group_code) values('6003','50');
 insert into basic_group_2_permission (permission_code,group_code) values('6003','51');
 insert into basic_group_2_permission (permission_code,group_code) values('6003','52');
 insert into basic_group_2_permission (permission_code,group_code) values('6003','53');
 insert into basic_group_2_permission (permission_code,group_code) values('6003','54');
 insert into basic_group_2_permission (permission_code,group_code) values('6003','55');
 insert into basic_group_2_permission (permission_code,group_code) values('6003','56');
 insert into basic_group_2_permission (permission_code,group_code) values('6003','57');
 insert into basic_group_2_permission (permission_code,group_code) values('6003','58');
 insert into basic_group_2_permission (permission_code,group_code) values('600301','10');
 insert into basic_group_2_permission (permission_code,group_code) values('600301','50');
 insert into basic_group_2_permission (permission_code,group_code) values('600301','51');
 insert into basic_group_2_permission (permission_code,group_code) values('600301','52');
 insert into basic_group_2_permission (permission_code,group_code) values('600301','53');
 insert into basic_group_2_permission (permission_code,group_code) values('600301','54');
 insert into basic_group_2_permission (permission_code,group_code) values('600301','55');
 insert into basic_group_2_permission (permission_code,group_code) values('600301','56');
 insert into basic_group_2_permission (permission_code,group_code) values('600301','57');
 insert into basic_group_2_permission (permission_code,group_code) values('600301','58');
 insert into basic_group_2_permission (permission_code,group_code) values('600391','10');
 insert into basic_group_2_permission (permission_code,group_code) values('6004','50');
 insert into basic_group_2_permission (permission_code,group_code) values('6004','51');
 insert into basic_group_2_permission (permission_code,group_code) values('6004','52');
 insert into basic_group_2_permission (permission_code,group_code) values('6004','53');
 insert into basic_group_2_permission (permission_code,group_code) values('6004','54');
 insert into basic_group_2_permission (permission_code,group_code) values('6004','55');
 insert into basic_group_2_permission (permission_code,group_code) values('6004','56');
 insert into basic_group_2_permission (permission_code,group_code) values('6004','57');
 insert into basic_group_2_permission (permission_code,group_code) values('6004','58');
 insert into basic_group_2_permission (permission_code,group_code) values('600423','50');
 insert into basic_group_2_permission (permission_code,group_code) values('600423','51');
 insert into basic_group_2_permission (permission_code,group_code) values('600423','52');
 insert into basic_group_2_permission (permission_code,group_code) values('600423','53');
 insert into basic_group_2_permission (permission_code,group_code) values('600423','54');
 insert into basic_group_2_permission (permission_code,group_code) values('600423','55');
 insert into basic_group_2_permission (permission_code,group_code) values('600423','56');
 insert into basic_group_2_permission (permission_code,group_code) values('600423','57');
 insert into basic_group_2_permission (permission_code,group_code) values('600423','58');
 insert into basic_group_2_permission (permission_code,group_code) values('600491','50');
 insert into basic_group_2_permission (permission_code,group_code) values('600491','51');
 insert into basic_group_2_permission (permission_code,group_code) values('600491','52');
 insert into basic_group_2_permission (permission_code,group_code) values('600491','53');
 insert into basic_group_2_permission (permission_code,group_code) values('600491','54');
 insert into basic_group_2_permission (permission_code,group_code) values('600491','55');
 insert into basic_group_2_permission (permission_code,group_code) values('600491','56');
 insert into basic_group_2_permission (permission_code,group_code) values('600491','57');
 insert into basic_group_2_permission (permission_code,group_code) values('600491','58');
 insert into basic_group_2_permission (permission_code,group_code) values('6005','10');
 insert into basic_group_2_permission (permission_code,group_code) values('600501','10');
 insert into basic_group_2_permission (permission_code,group_code) values('600521','10');
 insert into basic_group_2_permission (permission_code,group_code) values('600591','10');
 insert into basic_group_2_permission (permission_code,group_code) values('600523','10');
 insert into exam_subject(code,name,directions,type) values (
					 '50'
					,'综合岗-初级'
					,'科目描述'
					,'20'
			);
 insert into exam_subject(code,name,directions,type) values (
					 '51'
					,'综合岗-中级'
					,'科目描述'
					,'20'
			);
 insert into exam_subject(code,name,directions,type) values (
					 '52'
					,'综合岗-高级'
					,'科目描述'
					,'20'
			);
 insert into exam_subject(code,name,directions,type) values (
					 '53'
					,'指挥岗-初级'
					,'科目描述'
					,'20'
			);
 insert into exam_subject(code,name,directions,type) values (
					 '54'
					,'指挥岗-中级'
					,'科目描述'
					,'20'
			);
 insert into exam_subject(code,name,directions,type) values (
					 '55'
					,'指挥岗-高级'
					,'科目描述'
					,'20'
			);
 insert into exam_subject(code,name,directions,type) values (
					 '56'
					,'巡查岗-初级'
					,'科目描述'
					,'20'
			);
 insert into exam_subject(code,name,directions,type) values (
					 '57'
					,'巡查岗-中级'
					,'科目描述'
					,'20'
			);
 insert into exam_subject(code,name,directions,type) values (
					 '58'
					,'巡查岗-高级'
					,'科目描述'
					,'20'
			);
 insert into exam_subject_2_group (subject_code,group_code) values('50','10');
 insert into exam_subject_2_group (subject_code,group_code) values('50','99');
 insert into exam_subject_2_group (subject_code,group_code) values('50','50');
 insert into exam_subject_2_group (subject_code,group_code) values('51','10');
 insert into exam_subject_2_group (subject_code,group_code) values('51','99');
 insert into exam_subject_2_group (subject_code,group_code) values('51','51');
 insert into exam_subject_2_group (subject_code,group_code) values('52','10');
 insert into exam_subject_2_group (subject_code,group_code) values('52','99');
 insert into exam_subject_2_group (subject_code,group_code) values('52','52');
 insert into exam_subject_2_group (subject_code,group_code) values('53','10');
 insert into exam_subject_2_group (subject_code,group_code) values('53','99');
 insert into exam_subject_2_group (subject_code,group_code) values('53','53');
 insert into exam_subject_2_group (subject_code,group_code) values('54','10');
 insert into exam_subject_2_group (subject_code,group_code) values('54','99');
 insert into exam_subject_2_group (subject_code,group_code) values('54','54');
 insert into exam_subject_2_group (subject_code,group_code) values('55','10');
 insert into exam_subject_2_group (subject_code,group_code) values('55','99');
 insert into exam_subject_2_group (subject_code,group_code) values('55','55');
 insert into exam_subject_2_group (subject_code,group_code) values('56','10');
 insert into exam_subject_2_group (subject_code,group_code) values('56','99');
 insert into exam_subject_2_group (subject_code,group_code) values('56','56');
 insert into exam_subject_2_group (subject_code,group_code) values('57','10');
 insert into exam_subject_2_group (subject_code,group_code) values('57','99');
 insert into exam_subject_2_group (subject_code,group_code) values('57','57');
 insert into exam_subject_2_group (subject_code,group_code) values('58','10');
 insert into exam_subject_2_group (subject_code,group_code) values('58','99');
 insert into exam_subject_2_group (subject_code,group_code) values('58','58');
 insert into basic_parameter(id,value,code,reference,extend1) values (
					'50002'
					,'系统'
					,'10'
					,'basic_group__type'
					,'1'
					);
 insert into basic_parameter(id,value,code,reference,extend1) values (
					'50003'
					,'单位'
					,'30'
					,'basic_group__type'
					,'1'
					);
 insert into basic_parameter(id,value,code,reference,extend1) values (
					'50004'
					,'部门'
					,'40'
					,'basic_group__type'
					,'1'
					);
 insert into basic_parameter(id,value,code,reference,extend1) values (
					'50005'
					,'职位'
					,'50'
					,'basic_group__type'
					,'1'
					);
 insert into basic_parameter(id,value,code,reference,extend1) values (
					'50006'
					,'正常'
					,'10'
					,'basic_group__status'
					,'1'
					);
 insert into basic_parameter(id,value,code,reference,extend1) values (
					'50007'
					,'注册可选'
					,'11'
					,'basic_group__status'
					,'1'
					);
 insert into basic_parameter(id,value,code,reference,extend1) values (
					'50008'
					,'关闭'
					,'20'
					,'basic_group__status'
					,'1'
					);
 insert into basic_parameter(id,value,code,reference,extend1) values (
					'50010'
					,'WEB在线'
					,'10'
					,'basic_user_session__status'
					,'1'
					);
 insert into basic_parameter(id,value,code,reference,extend1) values (
					'50011'
					,'Android在线'
					,'20'
					,'basic_user_session__status'
					,'1'
					);
 insert into basic_parameter(id,value,code,reference,extend1) values (
					'50012'
					,'退出'
					,'99'
					,'basic_user_session__status'
					,'1'
					);
 insert into basic_parameter(id,value,code,reference,extend1) values (
					'50014'
					,'正常'
					,'10'
					,'basic_user__status'
					,'1'
					);
 insert into basic_parameter(id,value,code,reference,extend1) values (
					'50015'
					,'关闭'
					,'20'
					,'basic_user__status'
					,'1'
					);
 insert into basic_parameter(id,value,code,reference,extend1) values (
					'50016'
					,'系统'
					,'10'
					,'basic_user__type'
					,'1'
					);
 insert into basic_parameter(id,value,code,reference,extend1) values (
					'50017'
					,'业务'
					,'20'
					,'basic_user__type'
					,'1'
					);
 insert into basic_parameter(id,value,code,reference,extend1) values (
					'50018'
					,'接口'
					,'30'
					,'basic_user__type'
					,'1'
					);
 insert into basic_parameter(id,value,code,reference,extend1) values (
					'50020'
					,'节点'
					,'10'
					,'basic_permission__type'
					,'1'
					);
 insert into basic_parameter(id,value,code,reference,extend1) values (
					'50021'
					,'页面'
					,'20'
					,'basic_permission__type'
					,'1'
					);
 insert into basic_parameter(id,value,code,reference,extend1) values (
					'50022'
					,'按钮'
					,'30'
					,'basic_permission__type'
					,'1'
					);
 insert into basic_parameter(id,value,code,reference,extend1) values (
					'50023'
					,'逻辑'
					,'40'
					,'basic_permission__type'
					,'1'
					);
 insert into basic_parameter(id,value,code,reference,extend1) values (
					'50025'
					,'科目'
					,'20'
					,'exam_subject__type'
					,'1'
					);
 insert into basic_parameter(id,value,code,reference,extend1) values (
					'50026'
					,'知识点'
					,'30'
					,'exam_subject__type'
					,'1'
					);
 insert into basic_parameter(id,value,code,reference,extend1) values (
					'50028'
					,'练习卷'
					,'10'
					,'exam_subject_2_user_log__type'
					,'1'
					);
 insert into basic_parameter(id,value,code,reference,extend1) values (
					'50029'
					,'考卷'
					,'20'
					,'exam_subject_2_user_log__type'
					,'1'
					);
 insert into basic_parameter(id,value,code,reference,extend1) values (
					'50030'
					,'练习卷模式'
					,'10'
					,'exam_subject_2_user_log__status'
					,'1'
					);
 insert into basic_parameter(id,value,code,reference,extend1) values (
					'50031'
					,'考卷未批改'
					,'20'
					,'exam_subject_2_user_log__status'
					,'1'
					);
 insert into basic_parameter(id,value,code,reference,extend1) values (
					'50032'
					,'考卷已批改'
					,'40'
					,'exam_subject_2_user_log__status'
					,'1'
					);
 insert into basic_parameter(id,value,code,reference,extend1) values (
					'50034'
					,'练习册'
					,'10'
					,'exam_paper__type'
					,'1'
					);
 insert into basic_parameter(id,value,code,reference,extend1) values (
					'50035'
					,'多人考卷'
					,'20'
					,'exam_paper__type'
					,'1'
					);
 insert into basic_parameter(id,value,code,reference,extend1) values (
					'50036'
					,'统考'
					,'30'
					,'exam_paper__type'
					,'1'
					);
 insert into basic_parameter(id,value,code,reference,extend1) values (
					'50037'
					,'正常'
					,'10'
					,'exam_paper__status'
					,'1'
					);
 insert into basic_parameter(id,value,code,reference,extend1) values (
					'50038'
					,'组卷'
					,'20'
					,'exam_paper__status'
					,'1'
					);
 insert into basic_parameter(id,value,code,reference,extend1) values (
					'50040'
					,'练习册'
					,'10'
					,'exam_paper_log__type'
					,'1'
					);
 insert into basic_parameter(id,value,code,reference,extend1) values (
					'50041'
					,'多人考卷'
					,'20'
					,'exam_paper_log__type'
					,'1'
					);
 insert into basic_parameter(id,value,code,reference,extend1) values (
					'50042'
					,'统考'
					,'30'
					,'exam_paper_log__type'
					,'1'
					);
 insert into basic_parameter(id,value,code,reference,extend1) values (
					'50043'
					,'练习卷模式'
					,'10'
					,'exam_paper_log__status'
					,'1'
					);
 insert into basic_parameter(id,value,code,reference,extend1) values (
					'50044'
					,'考卷待批改'
					,'20'
					,'exam_paper_log__status'
					,'1'
					);
 insert into basic_parameter(id,value,code,reference,extend1) values (
					'50045'
					,'考卷未做'
					,'30'
					,'exam_paper_log__status'
					,'1'
					);
 insert into basic_parameter(id,value,code,reference,extend1) values (
					'50046'
					,'考卷已批改'
					,'40'
					,'exam_paper_log__status'
					,'1'
					);
 insert into basic_parameter(id,value,code,reference,extend1) values (
					'50047'
					,'旷考'
					,'90'
					,'exam_paper_log__status'
					,'1'
					);
 insert into basic_parameter(id,value,code,reference,extend1) values (
					'50048'
					,'及格'
					,'91'
					,'exam_paper_log__status'
					,'1'
					);
 insert into basic_parameter(id,value,code,reference,extend1) values (
					'50049'
					,'不及格'
					,'92'
					,'exam_paper_log__status'
					,'1'
					);
 insert into basic_parameter(id,value,code,reference,extend1) values (
					'50050'
					,'作废'
					,'99'
					,'exam_paper_log__status'
					,'1'
					);
 insert into basic_parameter(id,value,code,reference,extend1) values (
					'50052'
					,'单选'
					,'1'
					,'exam_question__type'
					,'1'
					);
 insert into basic_parameter(id,value,code,reference,extend1) values (
					'50053'
					,'多选'
					,'2'
					,'exam_question__type'
					,'1'
					);
 insert into basic_parameter(id,value,code,reference,extend1) values (
					'50054'
					,'判断'
					,'3'
					,'exam_question__type'
					,'1'
					);
 insert into basic_parameter(id,value,code,reference,extend1) values (
					'50055'
					,'填空'
					,'4'
					,'exam_question__type'
					,'1'
					);
 insert into basic_parameter(id,value,code,reference,extend1) values (
					'50056'
					,'组合'
					,'5'
					,'exam_question__type'
					,'1'
					);
 insert into basic_parameter(id,value,code,reference,extend1) values (
					'50057'
					,'简答'
					,'6'
					,'exam_question__type'
					,'1'
					);
 insert into basic_parameter(id,value,code,reference,extend1) values (
					'50058'
					,'题纲'
					,'7'
					,'exam_question__type'
					,'1'
					);
 insert into basic_parameter(id,value,code,reference,extend1) values (
					'50059'
					,'水平'
					,'1'
					,'exam_question__layout'
					,'1'
					);
 insert into basic_parameter(id,value,code,reference,extend1) values (
					'50060'
					,'垂直'
					,'2'
					,'exam_question__layout'
					,'1'
					);
 insert into basic_parameter(id,value,code,reference,extend1) values (
					'50061'
					,'可用'
					,'1'
					,'exam_question__status'
					,'1'
					);
 insert into basic_parameter(id,value,code,reference,extend1) values (
					'50062'
					,'不可用'
					,'2'
					,'exam_question__status'
					,'1'
					);
 insert into basic_parameter(id,value,code,reference,extend1) values (
					'50063'
					,'完型填空'
					,'1'
					,'exam_question__type2'
					,'1'
					);
 insert into basic_parameter(id,value,code,reference,extend1) values (
					'50064'
					,'阅读理解'
					,'2'
					,'exam_question__type2'
					,'1'
					);
 insert into basic_parameter(id,value,code,reference,extend1) values (
					'50065'
					,'短文阅读'
					,'3'
					,'exam_question__type2'
					,'1'
					);
 insert into basic_parameter(id,value,code,reference,extend1) values (
					'50067'
					,'练习卷'
					,'10'
					,'exam_question_log_wrongs__type'
					,'1'
					);
 insert into basic_parameter(id,value,code,reference,extend1) values (
					'50068'
					,'考卷'
					,'20'
					,'exam_question_log_wrongs__type'
					,'1'
					);
 insert into basic_parameter(id,value,code,reference,extend1) values (
					'50069'
					,'练习卷模式'
					,'10'
					,'exam_question_log_wrongs__status'
					,'1'
					);
 insert into basic_parameter(id,value,code,reference,extend1) values (
					'50070'
					,'考卷未批改'
					,'20'
					,'exam_question_log_wrongs__status'
					,'1'
					);
 insert into basic_parameter(id,value,code,reference,extend1) values (
					'50071'
					,'考卷已批改'
					,'40'
					,'exam_question_log_wrongs__status'
					,'1'
					);
 insert into basic_parameter(id,value,code,reference,extend1) values (
					'50073'
					,'多人考卷'
					,'20'
					,'exam_paper_multionline__type'
					,'1'
					);
 insert into basic_parameter(id,value,code,reference,extend1) values (
					'50074'
					,'统考'
					,'30'
					,'exam_paper_multionline__type'
					,'1'
					);
 insert into basic_parameter(id,value,code,reference,extend1) values (
					'50075'
					,'正常'
					,'10'
					,'exam_paper_multionline__status'
					,'1'
					);
 insert into basic_parameter(id,value,code,reference,extend1) values (
					'50076'
					,'结束'
					,'20'
					,'exam_paper_multionline__status'
					,'1'
					);
 insert into basic_parameter(id,value,code,reference,extend1) values (
					'50078'
					,'广州市'
					,'4401'
					,'zone'
					,'1'
					);
 insert into basic_parameter(id,value,code,reference,extend1) values (
					'50079'
					,'荔湾区'
					,'440103'
					,'zone'
					,'1'
					);
 insert into basic_parameter(id,value,code,reference,extend1) values (
					'50080'
					,'越秀区'
					,'440104'
					,'zone'
					,'1'
					);
 insert into basic_parameter(id,value,code,reference,extend1) values (
					'50081'
					,'海珠区'
					,'440105'
					,'zone'
					,'1'
					);
 insert into basic_parameter(id,value,code,reference,extend1) values (
					'50082'
					,'天河区'
					,'440106'
					,'zone'
					,'1'
					);
 insert into basic_parameter(id,value,code,reference,extend1) values (
					'50083'
					,'白云区'
					,'440111'
					,'zone'
					,'1'
					);
 insert into basic_parameter(id,value,code,reference,extend1) values (
					'50084'
					,'黄埔区'
					,'440112'
					,'zone'
					,'1'
					);
 insert into basic_parameter(id,value,code,reference,extend1) values (
					'50085'
					,'番禺区'
					,'440113'
					,'zone'
					,'1'
					);
 insert into basic_parameter(id,value,code,reference,extend1) values (
					'50086'
					,'花都区'
					,'440114'
					,'zone'
					,'1'
					);
 insert into basic_parameter(id,value,code,reference,extend1) values (
					'50087'
					,'南沙区'
					,'440115'
					,'zone'
					,'1'
					);
 insert into basic_parameter(id,value,code,reference,extend1) values (
					'50088'
					,'增城区'
					,'440183'
					,'zone'
					,'1'
					);
 insert into basic_parameter(id,value,code,reference,extend1) values (
					'50089'
					,'从化区'
					,'440184'
					,'zone'
					,'1'
					);
 insert into basic_parameter(id,value,code,reference,extend1) values (
					'50091'
					,'data_basic_parameter'
					,'1'
					,'data_basic_parameter'
					,'1'
					);
